<?xml version = "1.0" encoding = "utf-8"?>
<!DOCTYPE hibernate-configuration PUBLIC
		"-//Hibernate/Hibernate Configuration DTD 3.0//EN"
		"http://www.hibernate.org/dtd/hibernate-configuration-3.0.dtd">
<hibernate-configuration>
	<session-factory>

		<!-- Set URL -->
		<property name = "hibernate.connection.url">jdbc:mysql://localhost:3306/shubham</property>

		<!-- Set User Name -->
		<property name = "hibernate.connection.username">root</property>

		<!-- Set Password -->
		<property name = "hibernate.connection.password">root</property>

		<!-- Set Driver Name -->
		<property name = "hibernate.connection.driver_class">com.mysql.cj.jdbc.Driver</property>

		<property name = "hibernate.show_sql">false</property>
		
		<!-- Create a table in db and save the data automatically
		Create - create a table every time
		Update - create a table first time then store the data same table -->
		<property name="hbm2ddl.auto">update</property>
		
		<mapping class="naggaro.hibernate.CsvHibernateProject.Tshirt"/>

	</session-factory>
</hibernate-configuration>
