<?xml version="1.0" encoding="UTF-8"?>

<beans xmlns="http://www.springframework.org/schema/beans"
	xmlns:context="http://www.springframework.org/schema/context"
	xmlns:xsi="http://www.w3.org/2001/XMLSchema-instance"
	xmlns:tx="http://www.springframework.org/schema/tx"
	xmlns:mvc="http://www.springframework.org/schema/mvc"
	xsi:schemaLocation="http://www.springframework.org/schema/beans 
  http://www.springframework.org/schema/beans/spring-beans.xsd
  http://www.springframework.org/schema/aop 
  http://www.springframework.org/schema/aop/spring-aop.xsd
  http://www.springframework.org/schema/context 
  http://www.springframework.org/schema/context/spring-context.xsd
  http://www.springframework.org/schema/tx 
  http://www.springframework.org/schema/tx/spring-tx.xsd
  http://www.springframework.org/schema/mvc 
  http://www.springframework.org/schema/mvc/spring-mvc.xsd">
  
  <context:component-scan base-package="ngshubham" />

	<tx:annotation-driven />

	<bean id="viewResolver" class="org.springframework.web.servlet.view.InternalResourceViewResolver">
         <property name ="prefix" value="/WEB-INF/views/"></property>
        <property name ="suffix" value=".jsp"></property>
    </bean>
    
    <bean class="org.springframework.jdbc.datasource.DriverManagerDataSource" name= "dataSource">
        <property name="driverClassName" value="com.mysql.cj.jdbc.Driver"></property>
        <property name="url" value="jdbc:mysql://localhost:3306/web_project"></property>
        <property name="username" value="root"></property>
        <property name="password" value="password"></property>
    </bean>
    
    <bean class="org.springframework.orm.hibernate5.LocalSessionFactoryBean" name= "sessionFactory">
        <property name="dataSource" ref="dataSource"/>
        <property name="hibernateProperties">
            <props>
                <prop key="hibernate.dialect">org.hibernate.dialect.MySQL8Dialect</prop>
                <prop key="hibernate.hbm2ddl.auto">update</prop>
                <prop key="hibernate.show_sql">true</prop>
            </props>
        </property>
        <property name="annotatedClasses">
            <list>
                <value>
                    ngshubham.model.Product
                </value>
                <value>
                    ngshubham.model.User
                </value>
            </list>
        </property>
    </bean>
    
    <bean class="org.springframework.orm.hibernate5.HibernateTemplate" name="hibernateTemplate">
        <property name="sessionFactory" ref="sessionFactory"></property>
    </bean>
    
    <bean class="org.springframework.orm.hibernate5.HibernateTransactionManager" name="transactionManager">
        <property name="sessionFactory" ref="sessionFactory"></property>
    </bean>
  
  
  </beans>